{
  "Character": "\u0000",
  "Frequency": 2430,
  "Left": {
    "Character": "\u0000",
    "Frequency": 1000,
    "Left": {
      "Character": "\u0000",
      "Frequency": 485,
      "Left": {
        "Character": "\u0000",
        "Frequency": 230,
        "Left": {
          "Character": "o",
          "Frequency": 110,
          "Left": null,
          "Right": null
        },
        "Right": {
          "Character": "\u0000",
          "Frequency": 120,
          "Left": {
            "Character": "n",
            "Frequency": 58,
            "Left": null,
            "Right": null
          },
          "Right": {
            "Character": "\u0000",
            "Frequency": 62,
            "Left": {
              "Character": "\u0000",
              "Frequency": 30,
              "Left": {
                "Character": "\u0000",
                "Frequency": 15,
                "Left": {
                  "Character": "\u0000",
                  "Frequency": 7,
                  "Left": {
                    "Character": "\u0000",
                    "Frequency": 3,
                    "Left": {
                      "Character": "]",
                      "Frequency": 1,
                      "Left": null,
                      "Right": null
                    },
                    "Right": {
                      "Character": "y",
                      "Frequency": 2,
                      "Left": null,
                      "Right": null
                    }
                  },
                  "Right": {
                    "Character": "B",
                    "Frequency": 4,
                    "Left": null,
                    "Right": null
                  }
                },
                "Right": {
                  "Character": "f",
                  "Frequency": 8,
                  "Left": null,
                  "Right": null
                }
              },
              "Right": {
                "Character": "2",
                "Frequency": 15,
                "Left": null,
                "Right": null
              }
            },
            "Right": {
              "Character": "\u0000",
              "Frequency": 32,
              "Left": {
                "Character": "\u0000",
                "Frequency": 16,
                "Left": {
                  "Character": "4",
                  "Frequency": 8,
                  "Left": null,
                  "Right": null
                },
                "Right": {
                  "Character": "\u0000",
                  "Frequency": 8,
                  "Left": {
                    "Character": "\u0000",
                    "Frequency": 4,
                    "Left": {
                      "Character": "A",
                      "Frequency": 2,
                      "Left": null,
                      "Right": null
                    },
                    "Right": {
                      "Character": "E",
                      "Frequency": 2,
                      "Left": null,
                      "Right": null
                    }
                  },
                  "Right": {
                    "Character": "\u0000",
                    "Frequency": 4,
                    "Left": {
                      "Character": "\u0000",
                      "Frequency": 2,
                      "Left": {
                        "Character": "[",
                        "Frequency": 1,
                        "Left": null,
                        "Right": null
                      },
                      "Right": {
                        "Character": "L",
                        "Frequency": 1,
                        "Left": null,
                        "Right": null
                      }
                    },
                    "Right": {
                      "Character": "\u0000",
                      "Frequency": 2,
                      "Left": {
                        "Character": "M",
                        "Frequency": 1,
                        "Left": null,
                        "Right": null
                      },
                      "Right": {
                        "Character": "T",
                        "Frequency": 1,
                        "Left": null,
                        "Right": null
                      }
                    }
                  }
                }
              },
              "Right": {
                "Character": "}",
                "Frequency": 16,
                "Left": null,
                "Right": null
              }
            }
          }
        }
      },
      "Right": {
        "Character": "\u0000",
        "Frequency": 255,
        "Left": {
          "Character": "\u0000",
          "Frequency": 127,
          "Left": {
            "Character": ",",
            "Frequency": 63,
            "Left": null,
            "Right": null
          },
          "Right": {
            "Character": ":",
            "Frequency": 64,
            "Left": null,
            "Right": null
          }
        },
        "Right": {
          "Character": "\u0000",
          "Frequency": 128,
          "Left": {
            "Character": "\u0000",
            "Frequency": 64,
            "Left": {
              "Character": "D",
              "Frequency": 32,
              "Left": null,
              "Right": null
            },
            "Right": {
              "Character": "\u0000",
              "Frequency": 32,
              "Left": {
                "Character": "{",
                "Frequency": 16,
                "Left": null,
                "Right": null
              },
              "Right": {
                "Character": "I",
                "Frequency": 16,
                "Left": null,
                "Right": null
              }
            }
          },
          "Right": {
            "Character": "\u0000",
            "Frequency": 64,
            "Left": {
              "Character": "0",
              "Frequency": 32,
              "Left": null,
              "Right": null
            },
            "Right": {
              "Character": ".",
              "Frequency": 32,
              "Left": null,
              "Right": null
            }
          }
        }
      }
    },
    "Right": {
      "Character": " ",
      "Frequency": 515,
      "Left": null,
      "Right": null
    }
  },
  "Right": {
    "Character": "\u0000",
    "Frequency": 1430,
    "Left": {
      "Character": "\u0000",
      "Frequency": 634,
      "Left": {
        "Character": "\u0000",
        "Frequency": 277,
        "Left": {
          "Character": "a",
          "Frequency": 129,
          "Left": null,
          "Right": null
        },
        "Right": {
          "Character": "\u0000",
          "Frequency": 148,
          "Left": {
            "Character": "\u0000",
            "Frequency": 70,
            "Left": {
              "Character": "\u0000",
              "Frequency": 34,
              "Left": {
                "Character": "R",
                "Frequency": 17,
                "Left": null,
                "Right": null
              },
              "Right": {
                "Character": "5",
                "Frequency": 17,
                "Left": null,
                "Right": null
              }
            },
            "Right": {
              "Character": "d",
              "Frequency": 36,
              "Left": null,
              "Right": null
            }
          },
          "Right": {
            "Character": "l",
            "Frequency": 78,
            "Left": null,
            "Right": null
          }
        }
      },
      "Right": {
        "Character": "\u0000",
        "Frequency": 357,
        "Left": {
          "Character": "\u0000",
          "Frequency": 171,
          "Left": {
            "Character": "\u0000",
            "Frequency": 84,
            "Left": {
              "Character": "\u0000",
              "Frequency": 40,
              "Left": {
                "Character": "1",
                "Frequency": 20,
                "Left": null,
                "Right": null
              },
              "Right": {
                "Character": "\u0000",
                "Frequency": 20,
                "Left": {
                  "Character": "3",
                  "Frequency": 10,
                  "Left": null,
                  "Right": null
                },
                "Right": {
                  "Character": "6",
                  "Frequency": 10,
                  "Left": null,
                  "Right": null
                }
              }
            },
            "Right": {
              "Character": "u",
              "Frequency": 44,
              "Left": null,
              "Right": null
            }
          },
          "Right": {
            "Character": "r",
            "Frequency": 87,
            "Left": null,
            "Right": null
          }
        },
        "Right": {
          "Character": "\u0000",
          "Frequency": 186,
          "Left": {
            "Character": "\u0000",
            "Frequency": 90,
            "Left": {
              "Character": "\u0000",
              "Frequency": 45,
              "Left": {
                "Character": "\u0000",
                "Frequency": 21,
                "Left": {
                  "Character": "\u0000",
                  "Frequency": 10,
                  "Left": {
                    "Character": "ó",
                    "Frequency": 5,
                    "Left": null,
                    "Right": null
                  },
                  "Right": {
                    "Character": "q",
                    "Frequency": 5,
                    "Left": null,
                    "Right": null
                  }
                },
                "Right": {
                  "Character": "\u0000",
                  "Frequency": 11,
                  "Left": {
                    "Character": "z",
                    "Frequency": 5,
                    "Left": null,
                    "Right": null
                  },
                  "Right": {
                    "Character": "j",
                    "Frequency": 6,
                    "Left": null,
                    "Right": null
                  }
                }
              },
              "Right": {
                "Character": "C",
                "Frequency": 24,
                "Left": null,
                "Right": null
              }
            },
            "Right": {
              "Character": "p",
              "Frequency": 45,
              "Left": null,
              "Right": null
            }
          },
          "Right": {
            "Character": "s",
            "Frequency": 96,
            "Left": null,
            "Right": null
          }
        }
      }
    },
    "Right": {
      "Character": "\u0000",
      "Frequency": 796,
      "Left": {
        "Character": "\u0000",
        "Frequency": 386,
        "Left": {
          "Character": "\"",
          "Frequency": 192,
          "Left": null,
          "Right": null
        },
        "Right": {
          "Character": "\u0000",
          "Frequency": 194,
          "Left": {
            "Character": "\n",
            "Frequency": 97,
            "Left": null,
            "Right": null
          },
          "Right": {
            "Character": "\u0000",
            "Frequency": 97,
            "Left": {
              "Character": "i",
              "Frequency": 47,
              "Left": null,
              "Right": null
            },
            "Right": {
              "Character": "\u0000",
              "Frequency": 50,
              "Left": {
                "Character": "\u0000",
                "Frequency": 25,
                "Left": {
                  "Character": "\u0000",
                  "Frequency": 12,
                  "Left": {
                    "Character": "F",
                    "Frequency": 6,
                    "Left": null,
                    "Right": null
                  },
                  "Right": {
                    "Character": "h",
                    "Frequency": 6,
                    "Left": null,
                    "Right": null
                  }
                },
                "Right": {
                  "Character": "7",
                  "Frequency": 13,
                  "Left": null,
                  "Right": null
                }
              },
              "Right": {
                "Character": "9",
                "Frequency": 25,
                "Left": null,
                "Right": null
              }
            }
          }
        }
      },
      "Right": {
        "Character": "\u0000",
        "Frequency": 410,
        "Left": {
          "Character": "e",
          "Frequency": 203,
          "Left": null,
          "Right": null
        },
        "Right": {
          "Character": "\u0000",
          "Frequency": 207,
          "Left": {
            "Character": "t",
            "Frequency": 98,
            "Left": null,
            "Right": null
          },
          "Right": {
            "Character": "\u0000",
            "Frequency": 109,
            "Left": {
              "Character": "\u0000",
              "Frequency": 54,
              "Left": {
                "Character": "\u0000",
                "Frequency": 27,
                "Left": {
                  "Character": "\u0000",
                  "Frequency": 13,
                  "Left": {
                    "Character": "\u0000",
                    "Frequency": 6,
                    "Left": {
                      "Character": "P",
                      "Frequency": 3,
                      "Left": null,
                      "Right": null
                    },
                    "Right": {
                      "Character": "S",
                      "Frequency": 3,
                      "Left": null,
                      "Right": null
                    }
                  },
                  "Right": {
                    "Character": "v",
                    "Frequency": 7,
                    "Left": null,
                    "Right": null
                  }
                },
                "Right": {
                  "Character": "í",
                  "Frequency": 14,
                  "Left": null,
                  "Right": null
                }
              },
              "Right": {
                "Character": "c",
                "Frequency": 27,
                "Left": null,
                "Right": null
              }
            },
            "Right": {
              "Character": "\u0000",
              "Frequency": 55,
              "Left": {
                "Character": "m",
                "Frequency": 27,
                "Left": null,
                "Right": null
              },
              "Right": {
                "Character": "\u0000",
                "Frequency": 28,
                "Left": {
                  "Character": "b",
                  "Frequency": 14,
                  "Left": null,
                  "Right": null
                },
                "Right": {
                  "Character": "\u0000",
                  "Frequency": 14,
                  "Left": {
                    "Character": "8",
                    "Frequency": 7,
                    "Left": null,
                    "Right": null
                  },
                  "Right": {
                    "Character": "g",
                    "Frequency": 7,
                    "Left": null,
                    "Right": null
                  }
                }
              }
            }
          }
        }
      }
    }
  }
}