{
  "Character": "\u0000",
  "Frequency": 1844,
  "Left": {
    "Character": "\u0000",
    "Frequency": 804,
    "Left": {
      "Character": "\u0000",
      "Frequency": 362,
      "Left": {
        "Character": "\u0000",
        "Frequency": 164,
        "Left": {
          "Character": "\u0000",
          "Frequency": 80,
          "Left": {
            "Character": "M",
            "Frequency": 40,
            "Left": null,
            "Right": null
          },
          "Right": {
            "Character": "\u0000",
            "Frequency": 40,
            "Left": {
              "Character": "u",
              "Frequency": 20,
              "Left": null,
              "Right": null
            },
            "Right": {
              "Character": "s",
              "Frequency": 20,
              "Left": null,
              "Right": null
            }
          }
        },
        "Right": {
          "Character": "\u0000",
          "Frequency": 84,
          "Left": {
            "Character": "\u0000",
            "Frequency": 42,
            "Left": {
              "Character": "P",
              "Frequency": 21,
              "Left": null,
              "Right": null
            },
            "Right": {
              "Character": "\u0000",
              "Frequency": 21,
              "Left": {
                "Character": "\u0000",
                "Frequency": 10,
                "Left": {
                  "Character": "A",
                  "Frequency": 5,
                  "Left": null,
                  "Right": null
                },
                "Right": {
                  "Character": "F",
                  "Frequency": 5,
                  "Left": null,
                  "Right": null
                }
              },
              "Right": {
                "Character": "\u0000",
                "Frequency": 11,
                "Left": {
                  "Character": "V",
                  "Frequency": 5,
                  "Left": null,
                  "Right": null
                },
                "Right": {
                  "Character": "\u0000",
                  "Frequency": 6,
                  "Left": {
                    "Character": "Z",
                    "Frequency": 3,
                    "Left": null,
                    "Right": null
                  },
                  "Right": {
                    "Character": "m",
                    "Frequency": 3,
                    "Left": null,
                    "Right": null
                  }
                }
              }
            }
          },
          "Right": {
            "Character": "r",
            "Frequency": 42,
            "Left": null,
            "Right": null
          }
        }
      },
      "Right": {
        "Character": "\u0000",
        "Frequency": 198,
        "Left": {
          "Character": "\u0000",
          "Frequency": 95,
          "Left": {
            "Character": "\u0000",
            "Frequency": 47,
            "Left": {
              "Character": "i",
              "Frequency": 23,
              "Left": null,
              "Right": null
            },
            "Right": {
              "Character": "\u0000",
              "Frequency": 24,
              "Left": {
                "Character": "\u0000",
                "Frequency": 12,
                "Left": {
                  "Character": "J",
                  "Frequency": 6,
                  "Left": null,
                  "Right": null
                },
                "Right": {
                  "Character": "n",
                  "Frequency": 6,
                  "Left": null,
                  "Right": null
                }
              },
              "Right": {
                "Character": "\u0000",
                "Frequency": 12,
                "Left": {
                  "Character": "6",
                  "Frequency": 6,
                  "Left": null,
                  "Right": null
                },
                "Right": {
                  "Character": "R",
                  "Frequency": 6,
                  "Left": null,
                  "Right": null
                }
              }
            }
          },
          "Right": {
            "Character": "\u0000",
            "Frequency": 48,
            "Left": {
              "Character": "e",
              "Frequency": 24,
              "Left": null,
              "Right": null
            },
            "Right": {
              "Character": "d",
              "Frequency": 24,
              "Left": null,
              "Right": null
            }
          }
        },
        "Right": {
          "Character": "a",
          "Frequency": 103,
          "Left": null,
          "Right": null
        }
      }
    },
    "Right": {
      "Character": "\u0000",
      "Frequency": 442,
      "Left": {
        "Character": "\u0000",
        "Frequency": 218,
        "Left": {
          "Character": "\u0000",
          "Frequency": 105,
          "Left": {
            "Character": "\u0000",
            "Frequency": 51,
            "Left": {
              "Character": "2",
              "Frequency": 25,
              "Left": null,
              "Right": null
            },
            "Right": {
              "Character": "0",
              "Frequency": 26,
              "Left": null,
              "Right": null
            }
          },
          "Right": {
            "Character": "\u0000",
            "Frequency": 54,
            "Left": {
              "Character": "1",
              "Frequency": 27,
              "Left": null,
              "Right": null
            },
            "Right": {
              "Character": "\u0000",
              "Frequency": 27,
              "Left": {
                "Character": "5",
                "Frequency": 13,
                "Left": null,
                "Right": null
              },
              "Right": {
                "Character": "3",
                "Frequency": 14,
                "Left": null,
                "Right": null
              }
            }
          }
        },
        "Right": {
          "Character": "\n",
          "Frequency": 113,
          "Left": null,
          "Right": null
        }
      },
      "Right": {
        "Character": "\"",
        "Frequency": 224,
        "Left": null,
        "Right": null
      }
    }
  },
  "Right": {
    "Character": "\u0000",
    "Frequency": 1040,
    "Left": {
      "Character": " ",
      "Frequency": 480,
      "Left": null,
      "Right": null
    },
    "Right": {
      "Character": "\u0000",
      "Frequency": 560,
      "Left": {
        "Character": "\u0000",
        "Frequency": 252,
        "Left": {
          "Character": "\u0000",
          "Frequency": 122,
          "Left": {
            "Character": "\u0000",
            "Frequency": 58,
            "Left": {
              "Character": "\u0000",
              "Frequency": 28,
              "Left": {
                "Character": "\u0000",
                "Frequency": 14,
                "Left": {
                  "Character": "T",
                  "Frequency": 7,
                  "Left": null,
                  "Right": null
                },
                "Right": {
                  "Character": "\u0000",
                  "Frequency": 7,
                  "Left": {
                    "Character": "Q",
                    "Frequency": 3,
                    "Left": null,
                    "Right": null
                  },
                  "Right": {
                    "Character": "K",
                    "Frequency": 4,
                    "Left": null,
                    "Right": null
                  }
                }
              },
              "Right": {
                "Character": "\u0000",
                "Frequency": 14,
                "Left": {
                  "Character": "7",
                  "Frequency": 7,
                  "Left": null,
                  "Right": null
                },
                "Right": {
                  "Character": "C",
                  "Frequency": 7,
                  "Left": null,
                  "Right": null
                }
              }
            },
            "Right": {
              "Character": "\u0000",
              "Frequency": 30,
              "Left": {
                "Character": "\u0000",
                "Frequency": 14,
                "Left": {
                  "Character": "8",
                  "Frequency": 7,
                  "Left": null,
                  "Right": null
                },
                "Right": {
                  "Character": "4",
                  "Frequency": 7,
                  "Left": null,
                  "Right": null
                }
              },
              "Right": {
                "Character": "\u0000",
                "Frequency": 16,
                "Left": {
                  "Character": "\u0000",
                  "Frequency": 8,
                  "Left": {
                    "Character": "v",
                    "Frequency": 4,
                    "Left": null,
                    "Right": null
                  },
                  "Right": {
                    "Character": "E",
                    "Frequency": 4,
                    "Left": null,
                    "Right": null
                  }
                },
                "Right": {
                  "Character": "\u0000",
                  "Frequency": 8,
                  "Left": {
                    "Character": "\u0000",
                    "Frequency": 4,
                    "Left": {
                      "Character": "h",
                      "Frequency": 2,
                      "Left": null,
                      "Right": null
                    },
                    "Right": {
                      "Character": "O",
                      "Frequency": 2,
                      "Left": null,
                      "Right": null
                    }
                  },
                  "Right": {
                    "Character": "B",
                    "Frequency": 4,
                    "Left": null,
                    "Right": null
                  }
                }
              }
            }
          },
          "Right": {
            "Character": "o",
            "Frequency": 64,
            "Left": null,
            "Right": null
          }
        },
        "Right": {
          "Character": "\u0000",
          "Frequency": 130,
          "Left": {
            "Character": "\u0000",
            "Frequency": 64,
            "Left": {
              "Character": "\u0000",
              "Frequency": 32,
              "Left": {
                "Character": "}",
                "Frequency": 16,
                "Left": null,
                "Right": null
              },
              "Right": {
                "Character": "U",
                "Frequency": 16,
                "Left": null,
                "Right": null
              }
            },
            "Right": {
              "Character": "\u0000",
              "Frequency": 32,
              "Left": {
                "Character": "{",
                "Frequency": 16,
                "Left": null,
                "Right": null
              },
              "Right": {
                "Character": "\u0000",
                "Frequency": 16,
                "Left": {
                  "Character": "t",
                  "Frequency": 8,
                  "Left": null,
                  "Right": null
                },
                "Right": {
                  "Character": "\u0000",
                  "Frequency": 8,
                  "Left": {
                    "Character": "z",
                    "Frequency": 4,
                    "Left": null,
                    "Right": null
                  },
                  "Right": {
                    "Character": "W",
                    "Frequency": 4,
                    "Left": null,
                    "Right": null
                  }
                }
              }
            }
          },
          "Right": {
            "Character": "\u0000",
            "Frequency": 66,
            "Left": {
              "Character": "\u0000",
              "Frequency": 32,
              "Left": {
                "Character": "_",
                "Frequency": 16,
                "Left": null,
                "Right": null
              },
              "Right": {
                "Character": "\u0000",
                "Frequency": 16,
                "Left": {
                  "Character": "\u0000",
                  "Frequency": 8,
                  "Left": {
                    "Character": "L",
                    "Frequency": 4,
                    "Left": null,
                    "Right": null
                  },
                  "Right": {
                    "Character": "\u0000",
                    "Frequency": 4,
                    "Left": {
                      "Character": "\u0000",
                      "Frequency": 2,
                      "Left": {
                        "Character": "G",
                        "Frequency": 1,
                        "Left": null,
                        "Right": null
                      },
                      "Right": {
                        "Character": "b",
                        "Frequency": 1,
                        "Left": null,
                        "Right": null
                      }
                    },
                    "Right": {
                      "Character": "Y",
                      "Frequency": 2,
                      "Left": null,
                      "Right": null
                    }
                  }
                },
                "Right": {
                  "Character": "\u0000",
                  "Frequency": 8,
                  "Left": {
                    "Character": "y",
                    "Frequency": 4,
                    "Left": null,
                    "Right": null
                  },
                  "Right": {
                    "Character": "\u0000",
                    "Frequency": 4,
                    "Left": {
                      "Character": "-",
                      "Frequency": 2,
                      "Left": null,
                      "Right": null
                    },
                    "Right": {
                      "Character": "N",
                      "Frequency": 2,
                      "Left": null,
                      "Right": null
                    }
                  }
                }
              }
            },
            "Right": {
              "Character": "I",
              "Frequency": 34,
              "Left": null,
              "Right": null
            }
          }
        }
      },
      "Right": {
        "Character": "\u0000",
        "Frequency": 308,
        "Left": {
          "Character": "\u0000",
          "Frequency": 149,
          "Left": {
            "Character": "\u0000",
            "Frequency": 72,
            "Left": {
              "Character": "c",
              "Frequency": 36,
              "Left": null,
              "Right": null
            },
            "Right": {
              "Character": "\u0000",
              "Frequency": 36,
              "Left": {
                "Character": "\u0000",
                "Frequency": 17,
                "Left": {
                  "Character": "\u0000",
                  "Frequency": 8,
                  "Left": {
                    "Character": "\u0000",
                    "Frequency": 4,
                    "Left": {
                      "Character": "\u0000",
                      "Frequency": 2,
                      "Left": {
                        "Character": "[",
                        "Frequency": 1,
                        "Left": null,
                        "Right": null
                      },
                      "Right": {
                        "Character": "w",
                        "Frequency": 1,
                        "Left": null,
                        "Right": null
                      }
                    },
                    "Right": {
                      "Character": "p",
                      "Frequency": 2,
                      "Left": null,
                      "Right": null
                    }
                  },
                  "Right": {
                    "Character": "\u0000",
                    "Frequency": 4,
                    "Left": {
                      "Character": "k",
                      "Frequency": 2,
                      "Left": null,
                      "Right": null
                    },
                    "Right": {
                      "Character": "\u0000",
                      "Frequency": 2,
                      "Left": {
                        "Character": "g",
                        "Frequency": 1,
                        "Left": null,
                        "Right": null
                      },
                      "Right": {
                        "Character": "]",
                        "Frequency": 1,
                        "Left": null,
                        "Right": null
                      }
                    }
                  }
                },
                "Right": {
                  "Character": "X",
                  "Frequency": 9,
                  "Left": null,
                  "Right": null
                }
              },
              "Right": {
                "Character": "\u0000",
                "Frequency": 19,
                "Left": {
                  "Character": "9",
                  "Frequency": 9,
                  "Left": null,
                  "Right": null
                },
                "Right": {
                  "Character": "\u0000",
                  "Frequency": 10,
                  "Left": {
                    "Character": "H",
                    "Frequency": 5,
                    "Left": null,
                    "Right": null
                  },
                  "Right": {
                    "Character": "S",
                    "Frequency": 5,
                    "Left": null,
                    "Right": null
                  }
                }
              }
            }
          },
          "Right": {
            "Character": "\u0000",
            "Frequency": 77,
            "Left": {
              "Character": "D",
              "Frequency": 38,
              "Left": null,
              "Right": null
            },
            "Right": {
              "Character": "l",
              "Frequency": 39,
              "Left": null,
              "Right": null
            }
          }
        },
        "Right": {
          "Character": "\u0000",
          "Frequency": 159,
          "Left": {
            "Character": ",",
            "Frequency": 79,
            "Left": null,
            "Right": null
          },
          "Right": {
            "Character": ":",
            "Frequency": 80,
            "Left": null,
            "Right": null
          }
        }
      }
    }
  }
}