[
  {
    "ID": 1,
    "Nombre": "Carlos Alberto",
    "Apellido": "Gomez Martinez",
    "Correo": "carlos.alberto@usac.com",
    "Edad": 20,
    "Contrasenia": "79ad278b6b8c506bc2f5a5bc4848e0e3eaceaa6ed7a92fa5d4d945ba6bc6365a"
  },
  {
    "ID": 2,
    "Nombre": "Ana Lucia",
    "Apellido": "Martinez Lopez",
    "Correo": "ana.lucia@usac.com",
    "Edad": 20,
    "Contrasenia": "baf59e20c3a7bd4e92886deae00293c0e1f3a8b84faa211f7a102240009314e9"
  },
  {
    "ID": 3,
    "Nombre": "Luis Enrique",
    "Apellido": "Perez Ramirez",
    "Correo": "luis.enrique@usac.com",
    "Edad": 20,
    "Contrasenia": "21f47fe6b46c4b03921a9442f5ec4a6cd1c44e55fa1fde5924ac27c8f38cfa80"
  },
  {
    "ID": 4,
    "Nombre": "Marta Isabel",
    "Apellido": "Lopez Perez",
    "Correo": "marta.isabel@usac.com",
    "Edad": 20,
    "Contrasenia": "a3598a09cb67e595d3d1137bd50c3a432eca4f3f5a063cef7b168ca2b85a0003"
  },
  {
    "ID": 5,
    "Nombre": "Juan Carlos",
    "Apellido": "Hernandez Lopez",
    "Correo": "juan.carlos@usac.com",
    "Edad": 20,
    "Contrasenia": "2674daccd27ed82a4a953227e8bd5995eca966c9fc5db46ae2ce5170cc42d00a"
  },
  {
    "ID": 6,
    "Nombre": "Maria Fernanda",
    "Apellido": "Garcia Lopez",
    "Correo": "maria.fernanda@usac.com",
    "Edad": 20,
    "Contrasenia": "58c86c60cbe0bbed8cd468e8d2673ca9e9d3206bad3d48f24a8a76174ce09558"
  },
  {
    "ID": 7,
    "Nombre": "Pedro Pablo",
    "Apellido": "Rodriguez Torres",
    "Correo": "pedro.pablo@usac.com",
    "Edad": 20,
    "Contrasenia": "37221c5c448531a16f21a01c66f01818fa4fe656c6e69bc606cf33504f964706"
  },
  {
    "ID": 8,
    "Nombre": "Laura Isabel",
    "Apellido": "Sanchez Morales",
    "Correo": "laura.isabel@usac.com",
    "Edad": 20,
    "Contrasenia": "c8b52f8f6658d575e47f80e6d1dd2921845868bc787ff279c564d807eb37fde8"
  },
  {
    "ID": 10,
    "Nombre": "Isabel Cristina",
    "Apellido": "Diaz Lopez",
    "Correo": "isabel.cristina@usac.com",
    "Edad": 20,
    "Contrasenia": "74db8c7378c0d11172f67a435eee91f1050c332eb9dfeacf0c470d0403f0c127"
  }
]